filepath,label
test\UArr\UArr_0000.png,UArr
test\UArr\UArr_0001.png,UArr
test\UArr\UArr_0002.png,UArr
test\UArr\UArr_0003.png,UArr
test\UArr\UArr_0004.png,UArr
test\UArr\UArr_0005.png,UArr
test\UArr\UArr_0006.png,UArr
test\UArr\UArr_0007.png,UArr
test\UArr\UArr_0008.png,UArr
test\UArr\UArr_0009.png,UArr
test\UArr\UArr_0010.png,UArr
test\UArr\UArr_0011.png,UArr
test\UArr\UArr_0012.png,UArr
test\UArr\UArr_0013.png,UArr
test\UArr\UArr_0014.png,UArr
test\UArr\UArr_0015.png,UArr
test\UArr\UArr_0016.png,UArr
test\UArr\UArr_0017.png,UArr
test\UArr\UArr_0018.png,UArr
test\UArr\UArr_0019.png,UArr
test\UArr\UArr_0020.png,UArr
test\UArr\UArr_0021.png,UArr
test\UArr\UArr_0022.png,UArr
test\UArr\UArr_0023.png,UArr
test\UArr\UArr_0024.png,UArr
test\UArr\UArr_0025.png,UArr
test\UArr\UArr_0026.png,UArr
test\UArr\UArr_0027.png,UArr
test\UArr\UArr_0028.png,UArr
test\UArr\UArr_0029.png,UArr
test\UArr\UArr_0030.png,UArr
test\UArr\UArr_0031.png,UArr
test\UArr\UArr_0032.png,UArr
test\UArr\UArr_0033.png,UArr
test\UArr\UArr_0034.png,UArr
test\UArr\UArr_0035.png,UArr
test\UArr\UArr_0036.png,UArr
test\UArr\UArr_0037.png,UArr
test\UArr\UArr_0038.png,UArr
test\UArr\UArr_0039.png,UArr
test\UArr\UArr_0040.png,UArr
test\UArr\UArr_0041.png,UArr
test\UArr\UArr_0042.png,UArr
test\UArr\UArr_0043.png,UArr
test\UArr\UArr_0044.png,UArr
test\UArr\UArr_0045.png,UArr
test\UArr\UArr_0046.png,UArr
test\UArr\UArr_0047.png,UArr
test\UArr\UArr_0048.png,UArr
test\UArr\UArr_0049.png,UArr
test\UArr\UArr_0050.png,UArr
test\UArr\UArr_0051.png,UArr
test\UArr\UArr_0052.png,UArr
test\UArr\UArr_0053.png,UArr
test\UArr\UArr_0054.png,UArr
test\UArr\UArr_0055.png,UArr
test\UArr\UArr_0056.png,UArr
test\UArr\UArr_0057.png,UArr
test\UArr\UArr_0058.png,UArr
test\UArr\UArr_0059.png,UArr
test\UArr\UArr_0060.png,UArr
test\UArr\UArr_0061.png,UArr
test\UArr\UArr_0062.png,UArr
test\UArr\UArr_0063.png,UArr
test\UArr\UArr_0064.png,UArr
test\UArr\UArr_0065.png,UArr
test\UArr\UArr_0066.png,UArr
test\UArr\UArr_0067.png,UArr
test\UArr\UArr_0068.png,UArr
test\UArr\UArr_0069.png,UArr
test\UArr\UArr_0070.png,UArr
test\UArr\UArr_0071.png,UArr
test\UArr\UArr_0072.png,UArr
test\UArr\UArr_0073.png,UArr
test\UArr\UArr_0074.png,UArr
test\UArr\UArr_0075.png,UArr
test\UArr\UArr_0076.png,UArr
test\UArr\UArr_0077.png,UArr
test\UArr\UArr_0078.png,UArr
test\UArr\UArr_0079.png,UArr
test\UArr\UArr_0080.png,UArr
test\UArr\UArr_0081.png,UArr
test\UArr\UArr_0082.png,UArr
test\UArr\UArr_0083.png,UArr
test\UArr\UArr_0084.png,UArr
test\UArr\UArr_0085.png,UArr
test\UArr\UArr_0086.png,UArr
test\UArr\UArr_0087.png,UArr
test\UArr\UArr_0088.png,UArr
test\UArr\UArr_0089.png,UArr
test\UArr\UArr_0090.png,UArr
test\UArr\UArr_0091.png,UArr
test\UArr\UArr_0092.png,UArr
test\UArr\UArr_0093.png,UArr
test\UArr\UArr_0094.png,UArr
test\UArr\UArr_0095.png,UArr
test\UArr\UArr_0096.png,UArr
test\UArr\UArr_0097.png,UArr
test\UArr\UArr_0098.png,UArr
test\UArr\UArr_0099.png,UArr
test\UArr\UArr_0100.png,UArr
test\UArr\UArr_0101.png,UArr
test\UArr\UArr_0102.png,UArr
test\UArr\UArr_0103.png,UArr
test\UArr\UArr_0104.png,UArr
test\UArr\UArr_0105.png,UArr
test\UArr\UArr_0106.png,UArr
test\UArr\UArr_0107.png,UArr
test\UArr\UArr_0108.png,UArr
test\UArr\UArr_0109.png,UArr
test\UArr\UArr_0110.png,UArr
test\UArr\UArr_0111.png,UArr
test\UArr\UArr_0112.png,UArr
test\UArr\UArr_0113.png,UArr
test\UArr\UArr_0114.png,UArr
test\UArr\UArr_0115.png,UArr
test\UArr\UArr_0116.png,UArr
test\UArr\UArr_0117.png,UArr
test\UArr\UArr_0118.png,UArr
test\UArr\UArr_0119.png,UArr
test\UArr\UArr_0120.png,UArr
test\UArr\UArr_0121.png,UArr
test\UArr\UArr_0122.png,UArr
test\UArr\UArr_0123.png,UArr
test\UArr\UArr_0124.png,UArr
test\UArr\UArr_0125.png,UArr
test\UArr\UArr_0126.png,UArr
test\UArr\UArr_0127.png,UArr
test\UArr\UArr_0128.png,UArr
test\UArr\UArr_0129.png,UArr
test\UArr\UArr_0130.png,UArr
test\UArr\UArr_0131.png,UArr
test\UArr\UArr_0132.png,UArr
test\UArr\UArr_0133.png,UArr
test\UArr\UArr_0134.png,UArr
test\UArr\UArr_0135.png,UArr
test\UArr\UArr_0136.png,UArr
test\UArr\UArr_0137.png,UArr
test\UArr\UArr_0138.png,UArr
test\UArr\UArr_0139.png,UArr
test\UArr\UArr_0140.png,UArr
test\UArr\UArr_0141.png,UArr
test\UArr\UArr_0142.png,UArr
test\UArr\UArr_0143.png,UArr
test\UArr\UArr_0144.png,UArr
test\UArr\UArr_0145.png,UArr
test\UArr\UArr_0146.png,UArr
test\UArr\UArr_0147.png,UArr
test\UArr\UArr_0148.png,UArr
test\UArr\UArr_0149.png,UArr
test\UArr\UArr_0150.png,UArr
test\UArr\UArr_0151.png,UArr
test\UArr\UArr_0152.png,UArr
test\UArr\UArr_0153.png,UArr
test\UArr\UArr_0154.png,UArr
test\UArr\UArr_0155.png,UArr
test\UArr\UArr_0156.png,UArr
test\UArr\UArr_0157.png,UArr
test\UArr\UArr_0158.png,UArr
test\UArr\UArr_0159.png,UArr
test\UArr\UArr_0160.png,UArr
test\UArr\UArr_0161.png,UArr
test\UArr\UArr_0162.png,UArr
test\UArr\UArr_0163.png,UArr
test\UArr\UArr_0164.png,UArr
test\UArr\UArr_0165.png,UArr
test\UArr\UArr_0166.png,UArr
test\UArr\UArr_0167.png,UArr
test\UArr\UArr_0168.png,UArr
test\UArr\UArr_0169.png,UArr
test\UArr\UArr_0170.png,UArr
test\UArr\UArr_0171.png,UArr
test\UArr\UArr_0172.png,UArr
test\UArr\UArr_0173.png,UArr
test\UArr\UArr_0174.png,UArr
test\UArr\UArr_0175.png,UArr
test\UArr\UArr_0176.png,UArr
test\UArr\UArr_0177.png,UArr
test\UArr\UArr_0178.png,UArr
test\UArr\UArr_0179.png,UArr
test\UArr\UArr_0180.png,UArr
test\UArr\UArr_0181.png,UArr
test\UArr\UArr_0182.png,UArr
test\UArr\UArr_0183.png,UArr
test\UArr\UArr_0184.png,UArr
test\UArr\UArr_0185.png,UArr
test\UArr\UArr_0186.png,UArr
test\UArr\UArr_0187.png,UArr
test\UArr\UArr_0188.png,UArr
test\UArr\UArr_0189.png,UArr
test\UArr\UArr_0190.png,UArr
test\UArr\UArr_0191.png,UArr
test\UArr\UArr_0192.png,UArr
test\UArr\UArr_0193.png,UArr
test\UArr\UArr_0194.png,UArr
test\UArr\UArr_0195.png,UArr
test\UArr\UArr_0196.png,UArr
test\UArr\UArr_0197.png,UArr
test\UArr\UArr_0198.png,UArr
test\UArr\UArr_0199.png,UArr
test\UArr\UArr_0200.png,UArr
test\UArr\UArr_0201.png,UArr
test\UArr\UArr_0202.png,UArr
test\UArr\UArr_0203.png,UArr
test\UArr\UArr_0204.png,UArr
test\UArr\UArr_0205.png,UArr
test\UArr\UArr_0206.png,UArr
test\UArr\UArr_0207.png,UArr
test\UArr\UArr_0208.png,UArr
test\UArr\UArr_0209.png,UArr
test\UArr\UArr_0210.png,UArr
test\UArr\UArr_0211.png,UArr
test\UArr\UArr_0212.png,UArr
test\UArr\UArr_0213.png,UArr
test\UArr\UArr_0214.png,UArr
test\UArr\UArr_0215.png,UArr
test\UArr\UArr_0216.png,UArr
test\UArr\UArr_0217.png,UArr
test\UArr\UArr_0218.png,UArr
test\UArr\UArr_0219.png,UArr
test\UArr\UArr_0220.png,UArr
test\UArr\UArr_0221.png,UArr
test\UArr\UArr_0222.png,UArr
test\UArr\UArr_0223.png,UArr
test\UArr\UArr_0224.png,UArr
test\UArr\UArr_0225.png,UArr
test\UArr\UArr_0226.png,UArr
test\UArr\UArr_0227.png,UArr
test\UArr\UArr_0228.png,UArr
test\UArr\UArr_0229.png,UArr
test\UArr\UArr_0230.png,UArr
test\UArr\UArr_0231.png,UArr
test\UArr\UArr_0232.png,UArr
test\UArr\UArr_0233.png,UArr
test\UArr\UArr_0234.png,UArr
test\UArr\UArr_0235.png,UArr
test\UArr\UArr_0236.png,UArr
test\UArr\UArr_0237.png,UArr
test\UArr\UArr_0238.png,UArr
test\UArr\UArr_0239.png,UArr
test\UArr\UArr_0240.png,UArr
test\UArr\UArr_0241.png,UArr
test\UArr\UArr_0242.png,UArr
test\UArr\UArr_0243.png,UArr
test\UArr\UArr_0244.png,UArr
test\UArr\UArr_0245.png,UArr
test\UArr\UArr_0246.png,UArr
test\UArr\UArr_0247.png,UArr
test\UArr\UArr_0248.png,UArr
test\UArr\UArr_0249.png,UArr
test\UArr\UArr_0250.png,UArr
test\UArr\UArr_0251.png,UArr
test\UArr\UArr_0252.png,UArr
test\UArr\UArr_0253.png,UArr
test\UArr\UArr_0254.png,UArr
test\UArr\UArr_0255.png,UArr
test\UArr\UArr_0256.png,UArr
test\UArr\UArr_0257.png,UArr
test\UArr\UArr_0258.png,UArr
test\UArr\UArr_0259.png,UArr
test\UArr\UArr_0260.png,UArr
test\UArr\UArr_0261.png,UArr
test\UArr\UArr_0262.png,UArr
test\UArr\UArr_0263.png,UArr
test\UArr\UArr_0264.png,UArr
test\UArr\UArr_0265.png,UArr
test\UArr\UArr_0266.png,UArr
test\UArr\UArr_0267.png,UArr
test\UArr\UArr_0268.png,UArr
test\UArr\UArr_0269.png,UArr
test\UArr\UArr_0270.png,UArr
test\UArr\UArr_0271.png,UArr
test\UArr\UArr_0272.png,UArr
test\UArr\UArr_0273.png,UArr
test\UArr\UArr_0274.png,UArr
test\UArr\UArr_0275.png,UArr
test\UArr\UArr_0276.png,UArr
test\UArr\UArr_0277.png,UArr
test\UArr\UArr_0278.png,UArr
test\UArr\UArr_0279.png,UArr
test\UArr\UArr_0280.png,UArr
test\UArr\UArr_0281.png,UArr
test\UArr\UArr_0282.png,UArr
test\UArr\UArr_0283.png,UArr
test\UArr\UArr_0284.png,UArr
test\UArr\UArr_0285.png,UArr
test\UArr\UArr_0286.png,UArr
test\UArr\UArr_0287.png,UArr
test\UArr\UArr_0288.png,UArr
test\UArr\UArr_0289.png,UArr
test\UArr\UArr_0290.png,UArr
test\UArr\UArr_0291.png,UArr
test\UArr\UArr_0292.png,UArr
test\UArr\UArr_0293.png,UArr
test\UArr\UArr_0294.png,UArr
test\UArr\UArr_0295.png,UArr
test\UArr\UArr_0296.png,UArr
test\UArr\UArr_0297.png,UArr
test\UArr\UArr_0298.png,UArr
test\UArr\UArr_0299.png,UArr
test\UArr\UArr_0300.png,UArr
test\UArr\UArr_0301.png,UArr
test\UArr\UArr_0302.png,UArr
test\UArr\UArr_0303.png,UArr
test\UArr\UArr_0304.png,UArr
test\UArr\UArr_0305.png,UArr
test\UArr\UArr_0306.png,UArr
test\UArr\UArr_0307.png,UArr
test\UArr\UArr_0308.png,UArr
test\UArr\UArr_0309.png,UArr
test\UArr\UArr_0310.png,UArr
test\UArr\UArr_0311.png,UArr
test\UArr\UArr_0312.png,UArr
test\UArr\UArr_0313.png,UArr
test\UArr\UArr_0314.png,UArr
test\UArr\UArr_0315.png,UArr
test\UArr\UArr_0316.png,UArr
test\UArr\UArr_0317.png,UArr
test\UArr\UArr_0318.png,UArr
test\UArr\UArr_0319.png,UArr
test\UArr\UArr_0320.png,UArr
test\UArr\UArr_0321.png,UArr
test\UArr\UArr_0322.png,UArr
test\UArr\UArr_0323.png,UArr
test\UArr\UArr_0324.png,UArr
test\UArr\UArr_0325.png,UArr
test\UArr\UArr_0326.png,UArr
test\UArr\UArr_0327.png,UArr
test\UArr\UArr_0328.png,UArr
test\UArr\UArr_0329.png,UArr
test\UArr\UArr_0330.png,UArr
test\UArr\UArr_0331.png,UArr
test\UArr\UArr_0332.png,UArr
test\UArr\UArr_0333.png,UArr
test\UArr\UArr_0334.png,UArr
test\UArr\UArr_0335.png,UArr
test\UArr\UArr_0336.png,UArr
test\UArr\UArr_0337.png,UArr
test\UArr\UArr_0338.png,UArr
test\UArr\UArr_0339.png,UArr
test\UArr\UArr_0340.png,UArr
test\UArr\UArr_0341.png,UArr
test\UArr\UArr_0342.png,UArr
test\UArr\UArr_0343.png,UArr
test\UArr\UArr_0344.png,UArr
test\UArr\UArr_0345.png,UArr
test\UArr\UArr_0346.png,UArr
test\UArr\UArr_0347.png,UArr
test\UArr\UArr_0348.png,UArr
test\UArr\UArr_0349.png,UArr
test\UArr\UArr_0350.png,UArr
test\UArr\UArr_0351.png,UArr
test\UArr\UArr_0352.png,UArr
test\UArr\UArr_0353.png,UArr
test\UArr\UArr_0354.png,UArr
test\UArr\UArr_0355.png,UArr
test\UArr\UArr_0356.png,UArr
test\UArr\UArr_0357.png,UArr
test\UArr\UArr_0358.png,UArr
test\UArr\UArr_0359.png,UArr
test\UArr\UArr_0360.png,UArr
test\UArr\UArr_0361.png,UArr
test\UArr\UArr_0362.png,UArr
test\UArr\UArr_0363.png,UArr
test\UArr\UArr_0364.png,UArr
test\UArr\UArr_0365.png,UArr
test\UArr\UArr_0366.png,UArr
test\UArr\UArr_0367.png,UArr
test\UArr\UArr_0368.png,UArr
test\UArr\UArr_0369.png,UArr
test\UArr\UArr_0370.png,UArr
test\UArr\UArr_0371.png,UArr
test\UArr\UArr_0372.png,UArr
test\UArr\UArr_0373.png,UArr
test\UArr\UArr_0374.png,UArr
test\UArr\UArr_0375.png,UArr
test\UArr\UArr_0376.png,UArr
test\UArr\UArr_0377.png,UArr
test\UArr\UArr_0378.png,UArr
test\UArr\UArr_0379.png,UArr
test\UArr\UArr_0380.png,UArr
test\UArr\UArr_0381.png,UArr
test\UArr\UArr_0382.png,UArr
test\UArr\UArr_0383.png,UArr
test\UArr\UArr_0384.png,UArr
test\UArr\UArr_0385.png,UArr
test\UArr\UArr_0386.png,UArr
test\UArr\UArr_0387.png,UArr
test\UArr\UArr_0388.png,UArr
test\UArr\UArr_0389.png,UArr
test\UArr\UArr_0390.png,UArr
test\UArr\UArr_0391.png,UArr
test\UArr\UArr_0392.png,UArr
test\UArr\UArr_0393.png,UArr
test\UArr\UArr_0394.png,UArr
test\UArr\UArr_0395.png,UArr
test\UArr\UArr_0396.png,UArr
test\UArr\UArr_0397.png,UArr
test\UArr\UArr_0398.png,UArr
test\UArr\UArr_0399.png,UArr
test\UArr\UArr_0400.png,UArr
test\UArr\UArr_0401.png,UArr
test\UArr\UArr_0402.png,UArr
test\UArr\UArr_0403.png,UArr
test\UArr\UArr_0404.png,UArr
test\UArr\UArr_0405.png,UArr
test\UArr\UArr_0406.png,UArr
test\UArr\UArr_0407.png,UArr
test\UArr\UArr_0408.png,UArr
test\UArr\UArr_0409.png,UArr
test\UArr\UArr_0410.png,UArr
test\UArr\UArr_0411.png,UArr
test\UArr\UArr_0412.png,UArr
test\UArr\UArr_0413.png,UArr
test\UArr\UArr_0414.png,UArr
test\UArr\UArr_0415.png,UArr
test\UArr\UArr_0416.png,UArr
test\UArr\UArr_0417.png,UArr
test\UArr\UArr_0418.png,UArr
test\UArr\UArr_0419.png,UArr
test\UArr\UArr_0420.png,UArr
test\UArr\UArr_0421.png,UArr
test\UArr\UArr_0422.png,UArr
test\UArr\UArr_0423.png,UArr
test\UArr\UArr_0424.png,UArr
test\UArr\UArr_0425.png,UArr
test\UArr\UArr_0426.png,UArr
test\UArr\UArr_0427.png,UArr
test\UArr\UArr_0428.png,UArr
test\UArr\UArr_0429.png,UArr
test\UArr\UArr_0430.png,UArr
test\UArr\UArr_0431.png,UArr
test\UArr\UArr_0432.png,UArr
test\UArr\UArr_0433.png,UArr
test\UArr\UArr_0434.png,UArr
test\UArr\UArr_0435.png,UArr
test\UArr\UArr_0436.png,UArr
test\UArr\UArr_0437.png,UArr
test\UArr\UArr_0438.png,UArr
test\UArr\UArr_0439.png,UArr
test\UArr\UArr_0440.png,UArr
test\UArr\UArr_0441.png,UArr
test\UArr\UArr_0442.png,UArr
test\UArr\UArr_0443.png,UArr
test\UArr\UArr_0444.png,UArr
test\UArr\UArr_0445.png,UArr
test\UArr\UArr_0446.png,UArr
test\UArr\UArr_0447.png,UArr
test\UArr\UArr_0448.png,UArr
test\UArr\UArr_0449.png,UArr
test\UArr\UArr_0450.png,UArr
test\UArr\UArr_0451.png,UArr
test\UArr\UArr_0452.png,UArr
test\UArr\UArr_0453.png,UArr
test\UArr\UArr_0454.png,UArr
test\UArr\UArr_0455.png,UArr
test\UArr\UArr_0456.png,UArr
test\UArr\UArr_0457.png,UArr
test\UArr\UArr_0458.png,UArr
test\UArr\UArr_0459.png,UArr
test\UArr\UArr_0460.png,UArr
test\UArr\UArr_0461.png,UArr
test\UArr\UArr_0462.png,UArr
test\UArr\UArr_0463.png,UArr
test\UArr\UArr_0464.png,UArr
test\UArr\UArr_0465.png,UArr
test\UArr\UArr_0466.png,UArr
test\UArr\UArr_0467.png,UArr
test\UArr\UArr_0468.png,UArr
test\UArr\UArr_0469.png,UArr
test\UArr\UArr_0470.png,UArr
test\UArr\UArr_0471.png,UArr
test\UArr\UArr_0472.png,UArr
test\UArr\UArr_0473.png,UArr
test\UArr\UArr_0474.png,UArr
test\UArr\UArr_0475.png,UArr
test\UArr\UArr_0476.png,UArr
test\UArr\UArr_0477.png,UArr
test\UArr\UArr_0478.png,UArr
test\UArr\UArr_0479.png,UArr
test\UArr\UArr_0480.png,UArr
test\UArr\UArr_0481.png,UArr
test\UArr\UArr_0482.png,UArr
test\UArr\UArr_0483.png,UArr
test\UArr\UArr_0484.png,UArr
test\UArr\UArr_0485.png,UArr
test\UArr\UArr_0486.png,UArr
test\UArr\UArr_0487.png,UArr
test\UArr\UArr_0488.png,UArr
test\UArr\UArr_0489.png,UArr
test\UArr\UArr_0490.png,UArr
test\UArr\UArr_0491.png,UArr
test\UArr\UArr_0492.png,UArr
test\UArr\UArr_0493.png,UArr
test\UArr\UArr_0494.png,UArr
test\UArr\UArr_0495.png,UArr
test\UArr\UArr_0496.png,UArr
test\UArr\UArr_0497.png,UArr
test\UArr\UArr_0498.png,UArr
test\UArr\UArr_0499.png,UArr
test\DArr\DArr_0000.png,DArr
test\DArr\DArr_0001.png,DArr
test\DArr\DArr_0002.png,DArr
test\DArr\DArr_0003.png,DArr
test\DArr\DArr_0004.png,DArr
test\DArr\DArr_0005.png,DArr
test\DArr\DArr_0006.png,DArr
test\DArr\DArr_0007.png,DArr
test\DArr\DArr_0008.png,DArr
test\DArr\DArr_0009.png,DArr
test\DArr\DArr_0010.png,DArr
test\DArr\DArr_0011.png,DArr
test\DArr\DArr_0012.png,DArr
test\DArr\DArr_0013.png,DArr
test\DArr\DArr_0014.png,DArr
test\DArr\DArr_0015.png,DArr
test\DArr\DArr_0016.png,DArr
test\DArr\DArr_0017.png,DArr
test\DArr\DArr_0018.png,DArr
test\DArr\DArr_0019.png,DArr
test\DArr\DArr_0020.png,DArr
test\DArr\DArr_0021.png,DArr
test\DArr\DArr_0022.png,DArr
test\DArr\DArr_0023.png,DArr
test\DArr\DArr_0024.png,DArr
test\DArr\DArr_0025.png,DArr
test\DArr\DArr_0026.png,DArr
test\DArr\DArr_0027.png,DArr
test\DArr\DArr_0028.png,DArr
test\DArr\DArr_0029.png,DArr
test\DArr\DArr_0030.png,DArr
test\DArr\DArr_0031.png,DArr
test\DArr\DArr_0032.png,DArr
test\DArr\DArr_0033.png,DArr
test\DArr\DArr_0034.png,DArr
test\DArr\DArr_0035.png,DArr
test\DArr\DArr_0036.png,DArr
test\DArr\DArr_0037.png,DArr
test\DArr\DArr_0038.png,DArr
test\DArr\DArr_0039.png,DArr
test\DArr\DArr_0040.png,DArr
test\DArr\DArr_0041.png,DArr
test\DArr\DArr_0042.png,DArr
test\DArr\DArr_0043.png,DArr
test\DArr\DArr_0044.png,DArr
test\DArr\DArr_0045.png,DArr
test\DArr\DArr_0046.png,DArr
test\DArr\DArr_0047.png,DArr
test\DArr\DArr_0048.png,DArr
test\DArr\DArr_0049.png,DArr
test\DArr\DArr_0050.png,DArr
test\DArr\DArr_0051.png,DArr
test\DArr\DArr_0052.png,DArr
test\DArr\DArr_0053.png,DArr
test\DArr\DArr_0054.png,DArr
test\DArr\DArr_0055.png,DArr
test\DArr\DArr_0056.png,DArr
test\DArr\DArr_0057.png,DArr
test\DArr\DArr_0058.png,DArr
test\DArr\DArr_0059.png,DArr
test\DArr\DArr_0060.png,DArr
test\DArr\DArr_0061.png,DArr
test\DArr\DArr_0062.png,DArr
test\DArr\DArr_0063.png,DArr
test\DArr\DArr_0064.png,DArr
test\DArr\DArr_0065.png,DArr
test\DArr\DArr_0066.png,DArr
test\DArr\DArr_0067.png,DArr
test\DArr\DArr_0068.png,DArr
test\DArr\DArr_0069.png,DArr
test\DArr\DArr_0070.png,DArr
test\DArr\DArr_0071.png,DArr
test\DArr\DArr_0072.png,DArr
test\DArr\DArr_0073.png,DArr
test\DArr\DArr_0074.png,DArr
test\DArr\DArr_0075.png,DArr
test\DArr\DArr_0076.png,DArr
test\DArr\DArr_0077.png,DArr
test\DArr\DArr_0078.png,DArr
test\DArr\DArr_0079.png,DArr
test\DArr\DArr_0080.png,DArr
test\DArr\DArr_0081.png,DArr
test\DArr\DArr_0082.png,DArr
test\DArr\DArr_0083.png,DArr
test\DArr\DArr_0084.png,DArr
test\DArr\DArr_0085.png,DArr
test\DArr\DArr_0086.png,DArr
test\DArr\DArr_0087.png,DArr
test\DArr\DArr_0088.png,DArr
test\DArr\DArr_0089.png,DArr
test\DArr\DArr_0090.png,DArr
test\DArr\DArr_0091.png,DArr
test\DArr\DArr_0092.png,DArr
test\DArr\DArr_0093.png,DArr
test\DArr\DArr_0094.png,DArr
test\DArr\DArr_0095.png,DArr
test\DArr\DArr_0096.png,DArr
test\DArr\DArr_0097.png,DArr
test\DArr\DArr_0098.png,DArr
test\DArr\DArr_0099.png,DArr
test\DArr\DArr_0100.png,DArr
test\DArr\DArr_0101.png,DArr
test\DArr\DArr_0102.png,DArr
test\DArr\DArr_0103.png,DArr
test\DArr\DArr_0104.png,DArr
test\DArr\DArr_0105.png,DArr
test\DArr\DArr_0106.png,DArr
test\DArr\DArr_0107.png,DArr
test\DArr\DArr_0108.png,DArr
test\DArr\DArr_0109.png,DArr
test\DArr\DArr_0110.png,DArr
test\DArr\DArr_0111.png,DArr
test\DArr\DArr_0112.png,DArr
test\DArr\DArr_0113.png,DArr
test\DArr\DArr_0114.png,DArr
test\DArr\DArr_0115.png,DArr
test\DArr\DArr_0116.png,DArr
test\DArr\DArr_0117.png,DArr
test\DArr\DArr_0118.png,DArr
test\DArr\DArr_0119.png,DArr
test\DArr\DArr_0120.png,DArr
test\DArr\DArr_0121.png,DArr
test\DArr\DArr_0122.png,DArr
test\DArr\DArr_0123.png,DArr
test\DArr\DArr_0124.png,DArr
test\DArr\DArr_0125.png,DArr
test\DArr\DArr_0126.png,DArr
test\DArr\DArr_0127.png,DArr
test\DArr\DArr_0128.png,DArr
test\DArr\DArr_0129.png,DArr
test\DArr\DArr_0130.png,DArr
test\DArr\DArr_0131.png,DArr
test\DArr\DArr_0132.png,DArr
test\DArr\DArr_0133.png,DArr
test\DArr\DArr_0134.png,DArr
test\DArr\DArr_0135.png,DArr
test\DArr\DArr_0136.png,DArr
test\DArr\DArr_0137.png,DArr
test\DArr\DArr_0138.png,DArr
test\DArr\DArr_0139.png,DArr
test\DArr\DArr_0140.png,DArr
test\DArr\DArr_0141.png,DArr
test\DArr\DArr_0142.png,DArr
test\DArr\DArr_0143.png,DArr
test\DArr\DArr_0144.png,DArr
test\DArr\DArr_0145.png,DArr
test\DArr\DArr_0146.png,DArr
test\DArr\DArr_0147.png,DArr
test\DArr\DArr_0148.png,DArr
test\DArr\DArr_0149.png,DArr
test\DArr\DArr_0150.png,DArr
test\DArr\DArr_0151.png,DArr
test\DArr\DArr_0152.png,DArr
test\DArr\DArr_0153.png,DArr
test\DArr\DArr_0154.png,DArr
test\DArr\DArr_0155.png,DArr
test\DArr\DArr_0156.png,DArr
test\DArr\DArr_0157.png,DArr
test\DArr\DArr_0158.png,DArr
test\DArr\DArr_0159.png,DArr
test\DArr\DArr_0160.png,DArr
test\DArr\DArr_0161.png,DArr
test\DArr\DArr_0162.png,DArr
test\DArr\DArr_0163.png,DArr
test\DArr\DArr_0164.png,DArr
test\DArr\DArr_0165.png,DArr
test\DArr\DArr_0166.png,DArr
test\DArr\DArr_0167.png,DArr
test\DArr\DArr_0168.png,DArr
test\DArr\DArr_0169.png,DArr
test\DArr\DArr_0170.png,DArr
test\DArr\DArr_0171.png,DArr
test\DArr\DArr_0172.png,DArr
test\DArr\DArr_0173.png,DArr
test\DArr\DArr_0174.png,DArr
test\DArr\DArr_0175.png,DArr
test\DArr\DArr_0176.png,DArr
test\DArr\DArr_0177.png,DArr
test\DArr\DArr_0178.png,DArr
test\DArr\DArr_0179.png,DArr
test\DArr\DArr_0180.png,DArr
test\DArr\DArr_0181.png,DArr
test\DArr\DArr_0182.png,DArr
test\DArr\DArr_0183.png,DArr
test\DArr\DArr_0184.png,DArr
test\DArr\DArr_0185.png,DArr
test\DArr\DArr_0186.png,DArr
test\DArr\DArr_0187.png,DArr
test\DArr\DArr_0188.png,DArr
test\DArr\DArr_0189.png,DArr
test\DArr\DArr_0190.png,DArr
test\DArr\DArr_0191.png,DArr
test\DArr\DArr_0192.png,DArr
test\DArr\DArr_0193.png,DArr
test\DArr\DArr_0194.png,DArr
test\DArr\DArr_0195.png,DArr
test\DArr\DArr_0196.png,DArr
test\DArr\DArr_0197.png,DArr
test\DArr\DArr_0198.png,DArr
test\DArr\DArr_0199.png,DArr
test\DArr\DArr_0200.png,DArr
test\DArr\DArr_0201.png,DArr
test\DArr\DArr_0202.png,DArr
test\DArr\DArr_0203.png,DArr
test\DArr\DArr_0204.png,DArr
test\DArr\DArr_0205.png,DArr
test\DArr\DArr_0206.png,DArr
test\DArr\DArr_0207.png,DArr
test\DArr\DArr_0208.png,DArr
test\DArr\DArr_0209.png,DArr
test\DArr\DArr_0210.png,DArr
test\DArr\DArr_0211.png,DArr
test\DArr\DArr_0212.png,DArr
test\DArr\DArr_0213.png,DArr
test\DArr\DArr_0214.png,DArr
test\DArr\DArr_0215.png,DArr
test\DArr\DArr_0216.png,DArr
test\DArr\DArr_0217.png,DArr
test\DArr\DArr_0218.png,DArr
test\DArr\DArr_0219.png,DArr
test\DArr\DArr_0220.png,DArr
test\DArr\DArr_0221.png,DArr
test\DArr\DArr_0222.png,DArr
test\DArr\DArr_0223.png,DArr
test\DArr\DArr_0224.png,DArr
test\DArr\DArr_0225.png,DArr
test\DArr\DArr_0226.png,DArr
test\DArr\DArr_0227.png,DArr
test\DArr\DArr_0228.png,DArr
test\DArr\DArr_0229.png,DArr
test\DArr\DArr_0230.png,DArr
test\DArr\DArr_0231.png,DArr
test\DArr\DArr_0232.png,DArr
test\DArr\DArr_0233.png,DArr
test\DArr\DArr_0234.png,DArr
test\DArr\DArr_0235.png,DArr
test\DArr\DArr_0236.png,DArr
test\DArr\DArr_0237.png,DArr
test\DArr\DArr_0238.png,DArr
test\DArr\DArr_0239.png,DArr
test\DArr\DArr_0240.png,DArr
test\DArr\DArr_0241.png,DArr
test\DArr\DArr_0242.png,DArr
test\DArr\DArr_0243.png,DArr
test\DArr\DArr_0244.png,DArr
test\DArr\DArr_0245.png,DArr
test\DArr\DArr_0246.png,DArr
test\DArr\DArr_0247.png,DArr
test\DArr\DArr_0248.png,DArr
test\DArr\DArr_0249.png,DArr
test\DArr\DArr_0250.png,DArr
test\DArr\DArr_0251.png,DArr
test\DArr\DArr_0252.png,DArr
test\DArr\DArr_0253.png,DArr
test\DArr\DArr_0254.png,DArr
test\DArr\DArr_0255.png,DArr
test\DArr\DArr_0256.png,DArr
test\DArr\DArr_0257.png,DArr
test\DArr\DArr_0258.png,DArr
test\DArr\DArr_0259.png,DArr
test\DArr\DArr_0260.png,DArr
test\DArr\DArr_0261.png,DArr
test\DArr\DArr_0262.png,DArr
test\DArr\DArr_0263.png,DArr
test\DArr\DArr_0264.png,DArr
test\DArr\DArr_0265.png,DArr
test\DArr\DArr_0266.png,DArr
test\DArr\DArr_0267.png,DArr
test\DArr\DArr_0268.png,DArr
test\DArr\DArr_0269.png,DArr
test\DArr\DArr_0270.png,DArr
test\DArr\DArr_0271.png,DArr
test\DArr\DArr_0272.png,DArr
test\DArr\DArr_0273.png,DArr
test\DArr\DArr_0274.png,DArr
test\DArr\DArr_0275.png,DArr
test\DArr\DArr_0276.png,DArr
test\DArr\DArr_0277.png,DArr
test\DArr\DArr_0278.png,DArr
test\DArr\DArr_0279.png,DArr
test\DArr\DArr_0280.png,DArr
test\DArr\DArr_0281.png,DArr
test\DArr\DArr_0282.png,DArr
test\DArr\DArr_0283.png,DArr
test\DArr\DArr_0284.png,DArr
test\DArr\DArr_0285.png,DArr
test\DArr\DArr_0286.png,DArr
test\DArr\DArr_0287.png,DArr
test\DArr\DArr_0288.png,DArr
test\DArr\DArr_0289.png,DArr
test\DArr\DArr_0290.png,DArr
test\DArr\DArr_0291.png,DArr
test\DArr\DArr_0292.png,DArr
test\DArr\DArr_0293.png,DArr
test\DArr\DArr_0294.png,DArr
test\DArr\DArr_0295.png,DArr
test\DArr\DArr_0296.png,DArr
test\DArr\DArr_0297.png,DArr
test\DArr\DArr_0298.png,DArr
test\DArr\DArr_0299.png,DArr
test\DArr\DArr_0300.png,DArr
test\DArr\DArr_0301.png,DArr
test\DArr\DArr_0302.png,DArr
test\DArr\DArr_0303.png,DArr
test\DArr\DArr_0304.png,DArr
test\DArr\DArr_0305.png,DArr
test\DArr\DArr_0306.png,DArr
test\DArr\DArr_0307.png,DArr
test\DArr\DArr_0308.png,DArr
test\DArr\DArr_0309.png,DArr
test\DArr\DArr_0310.png,DArr
test\DArr\DArr_0311.png,DArr
test\DArr\DArr_0312.png,DArr
test\DArr\DArr_0313.png,DArr
test\DArr\DArr_0314.png,DArr
test\DArr\DArr_0315.png,DArr
test\DArr\DArr_0316.png,DArr
test\DArr\DArr_0317.png,DArr
test\DArr\DArr_0318.png,DArr
test\DArr\DArr_0319.png,DArr
test\DArr\DArr_0320.png,DArr
test\DArr\DArr_0321.png,DArr
test\DArr\DArr_0322.png,DArr
test\DArr\DArr_0323.png,DArr
test\DArr\DArr_0324.png,DArr
test\DArr\DArr_0325.png,DArr
test\DArr\DArr_0326.png,DArr
test\DArr\DArr_0327.png,DArr
test\DArr\DArr_0328.png,DArr
test\DArr\DArr_0329.png,DArr
test\DArr\DArr_0330.png,DArr
test\DArr\DArr_0331.png,DArr
test\DArr\DArr_0332.png,DArr
test\DArr\DArr_0333.png,DArr
test\DArr\DArr_0334.png,DArr
test\DArr\DArr_0335.png,DArr
test\DArr\DArr_0336.png,DArr
test\DArr\DArr_0337.png,DArr
test\DArr\DArr_0338.png,DArr
test\DArr\DArr_0339.png,DArr
test\DArr\DArr_0340.png,DArr
test\DArr\DArr_0341.png,DArr
test\DArr\DArr_0342.png,DArr
test\DArr\DArr_0343.png,DArr
test\DArr\DArr_0344.png,DArr
test\DArr\DArr_0345.png,DArr
test\DArr\DArr_0346.png,DArr
test\DArr\DArr_0347.png,DArr
test\DArr\DArr_0348.png,DArr
test\DArr\DArr_0349.png,DArr
test\DArr\DArr_0350.png,DArr
test\DArr\DArr_0351.png,DArr
test\DArr\DArr_0352.png,DArr
test\DArr\DArr_0353.png,DArr
test\DArr\DArr_0354.png,DArr
test\DArr\DArr_0355.png,DArr
test\DArr\DArr_0356.png,DArr
test\DArr\DArr_0357.png,DArr
test\DArr\DArr_0358.png,DArr
test\DArr\DArr_0359.png,DArr
test\DArr\DArr_0360.png,DArr
test\DArr\DArr_0361.png,DArr
test\DArr\DArr_0362.png,DArr
test\DArr\DArr_0363.png,DArr
test\DArr\DArr_0364.png,DArr
test\DArr\DArr_0365.png,DArr
test\DArr\DArr_0366.png,DArr
test\DArr\DArr_0367.png,DArr
test\DArr\DArr_0368.png,DArr
test\DArr\DArr_0369.png,DArr
test\DArr\DArr_0370.png,DArr
test\DArr\DArr_0371.png,DArr
test\DArr\DArr_0372.png,DArr
test\DArr\DArr_0373.png,DArr
test\DArr\DArr_0374.png,DArr
test\DArr\DArr_0375.png,DArr
test\DArr\DArr_0376.png,DArr
test\DArr\DArr_0377.png,DArr
test\DArr\DArr_0378.png,DArr
test\DArr\DArr_0379.png,DArr
test\DArr\DArr_0380.png,DArr
test\DArr\DArr_0381.png,DArr
test\DArr\DArr_0382.png,DArr
test\DArr\DArr_0383.png,DArr
test\DArr\DArr_0384.png,DArr
test\DArr\DArr_0385.png,DArr
test\DArr\DArr_0386.png,DArr
test\DArr\DArr_0387.png,DArr
test\DArr\DArr_0388.png,DArr
test\DArr\DArr_0389.png,DArr
test\DArr\DArr_0390.png,DArr
test\DArr\DArr_0391.png,DArr
test\DArr\DArr_0392.png,DArr
test\DArr\DArr_0393.png,DArr
test\DArr\DArr_0394.png,DArr
test\DArr\DArr_0395.png,DArr
test\DArr\DArr_0396.png,DArr
test\DArr\DArr_0397.png,DArr
test\DArr\DArr_0398.png,DArr
test\DArr\DArr_0399.png,DArr
test\DArr\DArr_0400.png,DArr
test\DArr\DArr_0401.png,DArr
test\DArr\DArr_0402.png,DArr
test\DArr\DArr_0403.png,DArr
test\DArr\DArr_0404.png,DArr
test\DArr\DArr_0405.png,DArr
test\DArr\DArr_0406.png,DArr
test\DArr\DArr_0407.png,DArr
test\DArr\DArr_0408.png,DArr
test\DArr\DArr_0409.png,DArr
test\DArr\DArr_0410.png,DArr
test\DArr\DArr_0411.png,DArr
test\DArr\DArr_0412.png,DArr
test\DArr\DArr_0413.png,DArr
test\DArr\DArr_0414.png,DArr
test\DArr\DArr_0415.png,DArr
test\DArr\DArr_0416.png,DArr
test\DArr\DArr_0417.png,DArr
test\DArr\DArr_0418.png,DArr
test\DArr\DArr_0419.png,DArr
test\DArr\DArr_0420.png,DArr
test\DArr\DArr_0421.png,DArr
test\DArr\DArr_0422.png,DArr
test\DArr\DArr_0423.png,DArr
test\DArr\DArr_0424.png,DArr
test\DArr\DArr_0425.png,DArr
test\DArr\DArr_0426.png,DArr
test\DArr\DArr_0427.png,DArr
test\DArr\DArr_0428.png,DArr
test\DArr\DArr_0429.png,DArr
test\DArr\DArr_0430.png,DArr
test\DArr\DArr_0431.png,DArr
test\DArr\DArr_0432.png,DArr
test\DArr\DArr_0433.png,DArr
test\DArr\DArr_0434.png,DArr
test\DArr\DArr_0435.png,DArr
test\DArr\DArr_0436.png,DArr
test\DArr\DArr_0437.png,DArr
test\DArr\DArr_0438.png,DArr
test\DArr\DArr_0439.png,DArr
test\DArr\DArr_0440.png,DArr
test\DArr\DArr_0441.png,DArr
test\DArr\DArr_0442.png,DArr
test\DArr\DArr_0443.png,DArr
test\DArr\DArr_0444.png,DArr
test\DArr\DArr_0445.png,DArr
test\DArr\DArr_0446.png,DArr
test\DArr\DArr_0447.png,DArr
test\DArr\DArr_0448.png,DArr
test\DArr\DArr_0449.png,DArr
test\DArr\DArr_0450.png,DArr
test\DArr\DArr_0451.png,DArr
test\DArr\DArr_0452.png,DArr
test\DArr\DArr_0453.png,DArr
test\DArr\DArr_0454.png,DArr
test\DArr\DArr_0455.png,DArr
test\DArr\DArr_0456.png,DArr
test\DArr\DArr_0457.png,DArr
test\DArr\DArr_0458.png,DArr
test\DArr\DArr_0459.png,DArr
test\DArr\DArr_0460.png,DArr
test\DArr\DArr_0461.png,DArr
test\DArr\DArr_0462.png,DArr
test\DArr\DArr_0463.png,DArr
test\DArr\DArr_0464.png,DArr
test\DArr\DArr_0465.png,DArr
test\DArr\DArr_0466.png,DArr
test\DArr\DArr_0467.png,DArr
test\DArr\DArr_0468.png,DArr
test\DArr\DArr_0469.png,DArr
test\DArr\DArr_0470.png,DArr
test\DArr\DArr_0471.png,DArr
test\DArr\DArr_0472.png,DArr
test\DArr\DArr_0473.png,DArr
test\DArr\DArr_0474.png,DArr
test\DArr\DArr_0475.png,DArr
test\DArr\DArr_0476.png,DArr
test\DArr\DArr_0477.png,DArr
test\DArr\DArr_0478.png,DArr
test\DArr\DArr_0479.png,DArr
test\DArr\DArr_0480.png,DArr
test\DArr\DArr_0481.png,DArr
test\DArr\DArr_0482.png,DArr
test\DArr\DArr_0483.png,DArr
test\DArr\DArr_0484.png,DArr
test\DArr\DArr_0485.png,DArr
test\DArr\DArr_0486.png,DArr
test\DArr\DArr_0487.png,DArr
test\DArr\DArr_0488.png,DArr
test\DArr\DArr_0489.png,DArr
test\DArr\DArr_0490.png,DArr
test\DArr\DArr_0491.png,DArr
test\DArr\DArr_0492.png,DArr
test\DArr\DArr_0493.png,DArr
test\DArr\DArr_0494.png,DArr
test\DArr\DArr_0495.png,DArr
test\DArr\DArr_0496.png,DArr
test\DArr\DArr_0497.png,DArr
test\DArr\DArr_0498.png,DArr
test\DArr\DArr_0499.png,DArr
test\Horz\Horz_0000.png,Horz
test\Horz\Horz_0001.png,Horz
test\Horz\Horz_0002.png,Horz
test\Horz\Horz_0003.png,Horz
test\Horz\Horz_0004.png,Horz
test\Horz\Horz_0005.png,Horz
test\Horz\Horz_0006.png,Horz
test\Horz\Horz_0007.png,Horz
test\Horz\Horz_0008.png,Horz
test\Horz\Horz_0009.png,Horz
test\Horz\Horz_0010.png,Horz
test\Horz\Horz_0011.png,Horz
test\Horz\Horz_0012.png,Horz
test\Horz\Horz_0013.png,Horz
test\Horz\Horz_0014.png,Horz
test\Horz\Horz_0015.png,Horz
test\Horz\Horz_0016.png,Horz
test\Horz\Horz_0017.png,Horz
test\Horz\Horz_0018.png,Horz
test\Horz\Horz_0019.png,Horz
test\Horz\Horz_0020.png,Horz
test\Horz\Horz_0021.png,Horz
test\Horz\Horz_0022.png,Horz
test\Horz\Horz_0023.png,Horz
test\Horz\Horz_0024.png,Horz
test\Horz\Horz_0025.png,Horz
test\Horz\Horz_0026.png,Horz
test\Horz\Horz_0027.png,Horz
test\Horz\Horz_0028.png,Horz
test\Horz\Horz_0029.png,Horz
test\Horz\Horz_0030.png,Horz
test\Horz\Horz_0031.png,Horz
test\Horz\Horz_0032.png,Horz
test\Horz\Horz_0033.png,Horz
test\Horz\Horz_0034.png,Horz
test\Horz\Horz_0035.png,Horz
test\Horz\Horz_0036.png,Horz
test\Horz\Horz_0037.png,Horz
test\Horz\Horz_0038.png,Horz
test\Horz\Horz_0039.png,Horz
test\Horz\Horz_0040.png,Horz
test\Horz\Horz_0041.png,Horz
test\Horz\Horz_0042.png,Horz
test\Horz\Horz_0043.png,Horz
test\Horz\Horz_0044.png,Horz
test\Horz\Horz_0045.png,Horz
test\Horz\Horz_0046.png,Horz
test\Horz\Horz_0047.png,Horz
test\Horz\Horz_0048.png,Horz
test\Horz\Horz_0049.png,Horz
test\Horz\Horz_0050.png,Horz
test\Horz\Horz_0051.png,Horz
test\Horz\Horz_0052.png,Horz
test\Horz\Horz_0053.png,Horz
test\Horz\Horz_0054.png,Horz
test\Horz\Horz_0055.png,Horz
test\Horz\Horz_0056.png,Horz
test\Horz\Horz_0057.png,Horz
test\Horz\Horz_0058.png,Horz
test\Horz\Horz_0059.png,Horz
test\Horz\Horz_0060.png,Horz
test\Horz\Horz_0061.png,Horz
test\Horz\Horz_0062.png,Horz
test\Horz\Horz_0063.png,Horz
test\Horz\Horz_0064.png,Horz
test\Horz\Horz_0065.png,Horz
test\Horz\Horz_0066.png,Horz
test\Horz\Horz_0067.png,Horz
test\Horz\Horz_0068.png,Horz
test\Horz\Horz_0069.png,Horz
test\Horz\Horz_0070.png,Horz
test\Horz\Horz_0071.png,Horz
test\Horz\Horz_0072.png,Horz
test\Horz\Horz_0073.png,Horz
test\Horz\Horz_0074.png,Horz
test\Horz\Horz_0075.png,Horz
test\Horz\Horz_0076.png,Horz
test\Horz\Horz_0077.png,Horz
test\Horz\Horz_0078.png,Horz
test\Horz\Horz_0079.png,Horz
test\Horz\Horz_0080.png,Horz
test\Horz\Horz_0081.png,Horz
test\Horz\Horz_0082.png,Horz
test\Horz\Horz_0083.png,Horz
test\Horz\Horz_0084.png,Horz
test\Horz\Horz_0085.png,Horz
test\Horz\Horz_0086.png,Horz
test\Horz\Horz_0087.png,Horz
test\Horz\Horz_0088.png,Horz
test\Horz\Horz_0089.png,Horz
test\Horz\Horz_0090.png,Horz
test\Horz\Horz_0091.png,Horz
test\Horz\Horz_0092.png,Horz
test\Horz\Horz_0093.png,Horz
test\Horz\Horz_0094.png,Horz
test\Horz\Horz_0095.png,Horz
test\Horz\Horz_0096.png,Horz
test\Horz\Horz_0097.png,Horz
test\Horz\Horz_0098.png,Horz
test\Horz\Horz_0099.png,Horz
test\Horz\Horz_0100.png,Horz
test\Horz\Horz_0101.png,Horz
test\Horz\Horz_0102.png,Horz
test\Horz\Horz_0103.png,Horz
test\Horz\Horz_0104.png,Horz
test\Horz\Horz_0105.png,Horz
test\Horz\Horz_0106.png,Horz
test\Horz\Horz_0107.png,Horz
test\Horz\Horz_0108.png,Horz
test\Horz\Horz_0109.png,Horz
test\Horz\Horz_0110.png,Horz
test\Horz\Horz_0111.png,Horz
test\Horz\Horz_0112.png,Horz
test\Horz\Horz_0113.png,Horz
test\Horz\Horz_0114.png,Horz
test\Horz\Horz_0115.png,Horz
test\Horz\Horz_0116.png,Horz
test\Horz\Horz_0117.png,Horz
test\Horz\Horz_0118.png,Horz
test\Horz\Horz_0119.png,Horz
test\Horz\Horz_0120.png,Horz
test\Horz\Horz_0121.png,Horz
test\Horz\Horz_0122.png,Horz
test\Horz\Horz_0123.png,Horz
test\Horz\Horz_0124.png,Horz
test\Horz\Horz_0125.png,Horz
test\Horz\Horz_0126.png,Horz
test\Horz\Horz_0127.png,Horz
test\Horz\Horz_0128.png,Horz
test\Horz\Horz_0129.png,Horz
test\Horz\Horz_0130.png,Horz
test\Horz\Horz_0131.png,Horz
test\Horz\Horz_0132.png,Horz
test\Horz\Horz_0133.png,Horz
test\Horz\Horz_0134.png,Horz
test\Horz\Horz_0135.png,Horz
test\Horz\Horz_0136.png,Horz
test\Horz\Horz_0137.png,Horz
test\Horz\Horz_0138.png,Horz
test\Horz\Horz_0139.png,Horz
test\Horz\Horz_0140.png,Horz
test\Horz\Horz_0141.png,Horz
test\Horz\Horz_0142.png,Horz
test\Horz\Horz_0143.png,Horz
test\Horz\Horz_0144.png,Horz
test\Horz\Horz_0145.png,Horz
test\Horz\Horz_0146.png,Horz
test\Horz\Horz_0147.png,Horz
test\Horz\Horz_0148.png,Horz
test\Horz\Horz_0149.png,Horz
test\Horz\Horz_0150.png,Horz
test\Horz\Horz_0151.png,Horz
test\Horz\Horz_0152.png,Horz
test\Horz\Horz_0153.png,Horz
test\Horz\Horz_0154.png,Horz
test\Horz\Horz_0155.png,Horz
test\Horz\Horz_0156.png,Horz
test\Horz\Horz_0157.png,Horz
test\Horz\Horz_0158.png,Horz
test\Horz\Horz_0159.png,Horz
test\Horz\Horz_0160.png,Horz
test\Horz\Horz_0161.png,Horz
test\Horz\Horz_0162.png,Horz
test\Horz\Horz_0163.png,Horz
test\Horz\Horz_0164.png,Horz
test\Horz\Horz_0165.png,Horz
test\Horz\Horz_0166.png,Horz
test\Horz\Horz_0167.png,Horz
test\Horz\Horz_0168.png,Horz
test\Horz\Horz_0169.png,Horz
test\Horz\Horz_0170.png,Horz
test\Horz\Horz_0171.png,Horz
test\Horz\Horz_0172.png,Horz
test\Horz\Horz_0173.png,Horz
test\Horz\Horz_0174.png,Horz
test\Horz\Horz_0175.png,Horz
test\Horz\Horz_0176.png,Horz
test\Horz\Horz_0177.png,Horz
test\Horz\Horz_0178.png,Horz
test\Horz\Horz_0179.png,Horz
test\Horz\Horz_0180.png,Horz
test\Horz\Horz_0181.png,Horz
test\Horz\Horz_0182.png,Horz
test\Horz\Horz_0183.png,Horz
test\Horz\Horz_0184.png,Horz
test\Horz\Horz_0185.png,Horz
test\Horz\Horz_0186.png,Horz
test\Horz\Horz_0187.png,Horz
test\Horz\Horz_0188.png,Horz
test\Horz\Horz_0189.png,Horz
test\Horz\Horz_0190.png,Horz
test\Horz\Horz_0191.png,Horz
test\Horz\Horz_0192.png,Horz
test\Horz\Horz_0193.png,Horz
test\Horz\Horz_0194.png,Horz
test\Horz\Horz_0195.png,Horz
test\Horz\Horz_0196.png,Horz
test\Horz\Horz_0197.png,Horz
test\Horz\Horz_0198.png,Horz
test\Horz\Horz_0199.png,Horz
test\Horz\Horz_0200.png,Horz
test\Horz\Horz_0201.png,Horz
test\Horz\Horz_0202.png,Horz
test\Horz\Horz_0203.png,Horz
test\Horz\Horz_0204.png,Horz
test\Horz\Horz_0205.png,Horz
test\Horz\Horz_0206.png,Horz
test\Horz\Horz_0207.png,Horz
test\Horz\Horz_0208.png,Horz
test\Horz\Horz_0209.png,Horz
test\Horz\Horz_0210.png,Horz
test\Horz\Horz_0211.png,Horz
test\Horz\Horz_0212.png,Horz
test\Horz\Horz_0213.png,Horz
test\Horz\Horz_0214.png,Horz
test\Horz\Horz_0215.png,Horz
test\Horz\Horz_0216.png,Horz
test\Horz\Horz_0217.png,Horz
test\Horz\Horz_0218.png,Horz
test\Horz\Horz_0219.png,Horz
test\Horz\Horz_0220.png,Horz
test\Horz\Horz_0221.png,Horz
test\Horz\Horz_0222.png,Horz
test\Horz\Horz_0223.png,Horz
test\Horz\Horz_0224.png,Horz
test\Horz\Horz_0225.png,Horz
test\Horz\Horz_0226.png,Horz
test\Horz\Horz_0227.png,Horz
test\Horz\Horz_0228.png,Horz
test\Horz\Horz_0229.png,Horz
test\Horz\Horz_0230.png,Horz
test\Horz\Horz_0231.png,Horz
test\Horz\Horz_0232.png,Horz
test\Horz\Horz_0233.png,Horz
test\Horz\Horz_0234.png,Horz
test\Horz\Horz_0235.png,Horz
test\Horz\Horz_0236.png,Horz
test\Horz\Horz_0237.png,Horz
test\Horz\Horz_0238.png,Horz
test\Horz\Horz_0239.png,Horz
test\Horz\Horz_0240.png,Horz
test\Horz\Horz_0241.png,Horz
test\Horz\Horz_0242.png,Horz
test\Horz\Horz_0243.png,Horz
test\Horz\Horz_0244.png,Horz
test\Horz\Horz_0245.png,Horz
test\Horz\Horz_0246.png,Horz
test\Horz\Horz_0247.png,Horz
test\Horz\Horz_0248.png,Horz
test\Horz\Horz_0249.png,Horz
test\Horz\Horz_0250.png,Horz
test\Horz\Horz_0251.png,Horz
test\Horz\Horz_0252.png,Horz
test\Horz\Horz_0253.png,Horz
test\Horz\Horz_0254.png,Horz
test\Horz\Horz_0255.png,Horz
test\Horz\Horz_0256.png,Horz
test\Horz\Horz_0257.png,Horz
test\Horz\Horz_0258.png,Horz
test\Horz\Horz_0259.png,Horz
test\Horz\Horz_0260.png,Horz
test\Horz\Horz_0261.png,Horz
test\Horz\Horz_0262.png,Horz
test\Horz\Horz_0263.png,Horz
test\Horz\Horz_0264.png,Horz
test\Horz\Horz_0265.png,Horz
test\Horz\Horz_0266.png,Horz
test\Horz\Horz_0267.png,Horz
test\Horz\Horz_0268.png,Horz
test\Horz\Horz_0269.png,Horz
test\Horz\Horz_0270.png,Horz
test\Horz\Horz_0271.png,Horz
test\Horz\Horz_0272.png,Horz
test\Horz\Horz_0273.png,Horz
test\Horz\Horz_0274.png,Horz
test\Horz\Horz_0275.png,Horz
test\Horz\Horz_0276.png,Horz
test\Horz\Horz_0277.png,Horz
test\Horz\Horz_0278.png,Horz
test\Horz\Horz_0279.png,Horz
test\Horz\Horz_0280.png,Horz
test\Horz\Horz_0281.png,Horz
test\Horz\Horz_0282.png,Horz
test\Horz\Horz_0283.png,Horz
test\Horz\Horz_0284.png,Horz
test\Horz\Horz_0285.png,Horz
test\Horz\Horz_0286.png,Horz
test\Horz\Horz_0287.png,Horz
test\Horz\Horz_0288.png,Horz
test\Horz\Horz_0289.png,Horz
test\Horz\Horz_0290.png,Horz
test\Horz\Horz_0291.png,Horz
test\Horz\Horz_0292.png,Horz
test\Horz\Horz_0293.png,Horz
test\Horz\Horz_0294.png,Horz
test\Horz\Horz_0295.png,Horz
test\Horz\Horz_0296.png,Horz
test\Horz\Horz_0297.png,Horz
test\Horz\Horz_0298.png,Horz
test\Horz\Horz_0299.png,Horz
test\Horz\Horz_0300.png,Horz
test\Horz\Horz_0301.png,Horz
test\Horz\Horz_0302.png,Horz
test\Horz\Horz_0303.png,Horz
test\Horz\Horz_0304.png,Horz
test\Horz\Horz_0305.png,Horz
test\Horz\Horz_0306.png,Horz
test\Horz\Horz_0307.png,Horz
test\Horz\Horz_0308.png,Horz
test\Horz\Horz_0309.png,Horz
test\Horz\Horz_0310.png,Horz
test\Horz\Horz_0311.png,Horz
test\Horz\Horz_0312.png,Horz
test\Horz\Horz_0313.png,Horz
test\Horz\Horz_0314.png,Horz
test\Horz\Horz_0315.png,Horz
test\Horz\Horz_0316.png,Horz
test\Horz\Horz_0317.png,Horz
test\Horz\Horz_0318.png,Horz
test\Horz\Horz_0319.png,Horz
test\Horz\Horz_0320.png,Horz
test\Horz\Horz_0321.png,Horz
test\Horz\Horz_0322.png,Horz
test\Horz\Horz_0323.png,Horz
test\Horz\Horz_0324.png,Horz
test\Horz\Horz_0325.png,Horz
test\Horz\Horz_0326.png,Horz
test\Horz\Horz_0327.png,Horz
test\Horz\Horz_0328.png,Horz
test\Horz\Horz_0329.png,Horz
test\Horz\Horz_0330.png,Horz
test\Horz\Horz_0331.png,Horz
test\Horz\Horz_0332.png,Horz
test\Horz\Horz_0333.png,Horz
test\Horz\Horz_0334.png,Horz
test\Horz\Horz_0335.png,Horz
test\Horz\Horz_0336.png,Horz
test\Horz\Horz_0337.png,Horz
test\Horz\Horz_0338.png,Horz
test\Horz\Horz_0339.png,Horz
test\Horz\Horz_0340.png,Horz
test\Horz\Horz_0341.png,Horz
test\Horz\Horz_0342.png,Horz
test\Horz\Horz_0343.png,Horz
test\Horz\Horz_0344.png,Horz
test\Horz\Horz_0345.png,Horz
test\Horz\Horz_0346.png,Horz
test\Horz\Horz_0347.png,Horz
test\Horz\Horz_0348.png,Horz
test\Horz\Horz_0349.png,Horz
test\Horz\Horz_0350.png,Horz
test\Horz\Horz_0351.png,Horz
test\Horz\Horz_0352.png,Horz
test\Horz\Horz_0353.png,Horz
test\Horz\Horz_0354.png,Horz
test\Horz\Horz_0355.png,Horz
test\Horz\Horz_0356.png,Horz
test\Horz\Horz_0357.png,Horz
test\Horz\Horz_0358.png,Horz
test\Horz\Horz_0359.png,Horz
test\Horz\Horz_0360.png,Horz
test\Horz\Horz_0361.png,Horz
test\Horz\Horz_0362.png,Horz
test\Horz\Horz_0363.png,Horz
test\Horz\Horz_0364.png,Horz
test\Horz\Horz_0365.png,Horz
test\Horz\Horz_0366.png,Horz
test\Horz\Horz_0367.png,Horz
test\Horz\Horz_0368.png,Horz
test\Horz\Horz_0369.png,Horz
test\Horz\Horz_0370.png,Horz
test\Horz\Horz_0371.png,Horz
test\Horz\Horz_0372.png,Horz
test\Horz\Horz_0373.png,Horz
test\Horz\Horz_0374.png,Horz
test\Horz\Horz_0375.png,Horz
test\Horz\Horz_0376.png,Horz
test\Horz\Horz_0377.png,Horz
test\Horz\Horz_0378.png,Horz
test\Horz\Horz_0379.png,Horz
test\Horz\Horz_0380.png,Horz
test\Horz\Horz_0381.png,Horz
test\Horz\Horz_0382.png,Horz
test\Horz\Horz_0383.png,Horz
test\Horz\Horz_0384.png,Horz
test\Horz\Horz_0385.png,Horz
test\Horz\Horz_0386.png,Horz
test\Horz\Horz_0387.png,Horz
test\Horz\Horz_0388.png,Horz
test\Horz\Horz_0389.png,Horz
test\Horz\Horz_0390.png,Horz
test\Horz\Horz_0391.png,Horz
test\Horz\Horz_0392.png,Horz
test\Horz\Horz_0393.png,Horz
test\Horz\Horz_0394.png,Horz
test\Horz\Horz_0395.png,Horz
test\Horz\Horz_0396.png,Horz
test\Horz\Horz_0397.png,Horz
test\Horz\Horz_0398.png,Horz
test\Horz\Horz_0399.png,Horz
test\Horz\Horz_0400.png,Horz
test\Horz\Horz_0401.png,Horz
test\Horz\Horz_0402.png,Horz
test\Horz\Horz_0403.png,Horz
test\Horz\Horz_0404.png,Horz
test\Horz\Horz_0405.png,Horz
test\Horz\Horz_0406.png,Horz
test\Horz\Horz_0407.png,Horz
test\Horz\Horz_0408.png,Horz
test\Horz\Horz_0409.png,Horz
test\Horz\Horz_0410.png,Horz
test\Horz\Horz_0411.png,Horz
test\Horz\Horz_0412.png,Horz
test\Horz\Horz_0413.png,Horz
test\Horz\Horz_0414.png,Horz
test\Horz\Horz_0415.png,Horz
test\Horz\Horz_0416.png,Horz
test\Horz\Horz_0417.png,Horz
test\Horz\Horz_0418.png,Horz
test\Horz\Horz_0419.png,Horz
test\Horz\Horz_0420.png,Horz
test\Horz\Horz_0421.png,Horz
test\Horz\Horz_0422.png,Horz
test\Horz\Horz_0423.png,Horz
test\Horz\Horz_0424.png,Horz
test\Horz\Horz_0425.png,Horz
test\Horz\Horz_0426.png,Horz
test\Horz\Horz_0427.png,Horz
test\Horz\Horz_0428.png,Horz
test\Horz\Horz_0429.png,Horz
test\Horz\Horz_0430.png,Horz
test\Horz\Horz_0431.png,Horz
test\Horz\Horz_0432.png,Horz
test\Horz\Horz_0433.png,Horz
test\Horz\Horz_0434.png,Horz
test\Horz\Horz_0435.png,Horz
test\Horz\Horz_0436.png,Horz
test\Horz\Horz_0437.png,Horz
test\Horz\Horz_0438.png,Horz
test\Horz\Horz_0439.png,Horz
test\Horz\Horz_0440.png,Horz
test\Horz\Horz_0441.png,Horz
test\Horz\Horz_0442.png,Horz
test\Horz\Horz_0443.png,Horz
test\Horz\Horz_0444.png,Horz
test\Horz\Horz_0445.png,Horz
test\Horz\Horz_0446.png,Horz
test\Horz\Horz_0447.png,Horz
test\Horz\Horz_0448.png,Horz
test\Horz\Horz_0449.png,Horz
test\Horz\Horz_0450.png,Horz
test\Horz\Horz_0451.png,Horz
test\Horz\Horz_0452.png,Horz
test\Horz\Horz_0453.png,Horz
test\Horz\Horz_0454.png,Horz
test\Horz\Horz_0455.png,Horz
test\Horz\Horz_0456.png,Horz
test\Horz\Horz_0457.png,Horz
test\Horz\Horz_0458.png,Horz
test\Horz\Horz_0459.png,Horz
test\Horz\Horz_0460.png,Horz
test\Horz\Horz_0461.png,Horz
test\Horz\Horz_0462.png,Horz
test\Horz\Horz_0463.png,Horz
test\Horz\Horz_0464.png,Horz
test\Horz\Horz_0465.png,Horz
test\Horz\Horz_0466.png,Horz
test\Horz\Horz_0467.png,Horz
test\Horz\Horz_0468.png,Horz
test\Horz\Horz_0469.png,Horz
test\Horz\Horz_0470.png,Horz
test\Horz\Horz_0471.png,Horz
test\Horz\Horz_0472.png,Horz
test\Horz\Horz_0473.png,Horz
test\Horz\Horz_0474.png,Horz
test\Horz\Horz_0475.png,Horz
test\Horz\Horz_0476.png,Horz
test\Horz\Horz_0477.png,Horz
test\Horz\Horz_0478.png,Horz
test\Horz\Horz_0479.png,Horz
test\Horz\Horz_0480.png,Horz
test\Horz\Horz_0481.png,Horz
test\Horz\Horz_0482.png,Horz
test\Horz\Horz_0483.png,Horz
test\Horz\Horz_0484.png,Horz
test\Horz\Horz_0485.png,Horz
test\Horz\Horz_0486.png,Horz
test\Horz\Horz_0487.png,Horz
test\Horz\Horz_0488.png,Horz
test\Horz\Horz_0489.png,Horz
test\Horz\Horz_0490.png,Horz
test\Horz\Horz_0491.png,Horz
test\Horz\Horz_0492.png,Horz
test\Horz\Horz_0493.png,Horz
test\Horz\Horz_0494.png,Horz
test\Horz\Horz_0495.png,Horz
test\Horz\Horz_0496.png,Horz
test\Horz\Horz_0497.png,Horz
test\Horz\Horz_0498.png,Horz
test\Horz\Horz_0499.png,Horz
test\Vert\Vert_0000.png,Vert
test\Vert\Vert_0001.png,Vert
test\Vert\Vert_0002.png,Vert
test\Vert\Vert_0003.png,Vert
test\Vert\Vert_0004.png,Vert
test\Vert\Vert_0005.png,Vert
test\Vert\Vert_0006.png,Vert
test\Vert\Vert_0007.png,Vert
test\Vert\Vert_0008.png,Vert
test\Vert\Vert_0009.png,Vert
test\Vert\Vert_0010.png,Vert
test\Vert\Vert_0011.png,Vert
test\Vert\Vert_0012.png,Vert
test\Vert\Vert_0013.png,Vert
test\Vert\Vert_0014.png,Vert
test\Vert\Vert_0015.png,Vert
test\Vert\Vert_0016.png,Vert
test\Vert\Vert_0017.png,Vert
test\Vert\Vert_0018.png,Vert
test\Vert\Vert_0019.png,Vert
test\Vert\Vert_0020.png,Vert
test\Vert\Vert_0021.png,Vert
test\Vert\Vert_0022.png,Vert
test\Vert\Vert_0023.png,Vert
test\Vert\Vert_0024.png,Vert
test\Vert\Vert_0025.png,Vert
test\Vert\Vert_0026.png,Vert
test\Vert\Vert_0027.png,Vert
test\Vert\Vert_0028.png,Vert
test\Vert\Vert_0029.png,Vert
test\Vert\Vert_0030.png,Vert
test\Vert\Vert_0031.png,Vert
test\Vert\Vert_0032.png,Vert
test\Vert\Vert_0033.png,Vert
test\Vert\Vert_0034.png,Vert
test\Vert\Vert_0035.png,Vert
test\Vert\Vert_0036.png,Vert
test\Vert\Vert_0037.png,Vert
test\Vert\Vert_0038.png,Vert
test\Vert\Vert_0039.png,Vert
test\Vert\Vert_0040.png,Vert
test\Vert\Vert_0041.png,Vert
test\Vert\Vert_0042.png,Vert
test\Vert\Vert_0043.png,Vert
test\Vert\Vert_0044.png,Vert
test\Vert\Vert_0045.png,Vert
test\Vert\Vert_0046.png,Vert
test\Vert\Vert_0047.png,Vert
test\Vert\Vert_0048.png,Vert
test\Vert\Vert_0049.png,Vert
test\Vert\Vert_0050.png,Vert
test\Vert\Vert_0051.png,Vert
test\Vert\Vert_0052.png,Vert
test\Vert\Vert_0053.png,Vert
test\Vert\Vert_0054.png,Vert
test\Vert\Vert_0055.png,Vert
test\Vert\Vert_0056.png,Vert
test\Vert\Vert_0057.png,Vert
test\Vert\Vert_0058.png,Vert
test\Vert\Vert_0059.png,Vert
test\Vert\Vert_0060.png,Vert
test\Vert\Vert_0061.png,Vert
test\Vert\Vert_0062.png,Vert
test\Vert\Vert_0063.png,Vert
test\Vert\Vert_0064.png,Vert
test\Vert\Vert_0065.png,Vert
test\Vert\Vert_0066.png,Vert
test\Vert\Vert_0067.png,Vert
test\Vert\Vert_0068.png,Vert
test\Vert\Vert_0069.png,Vert
test\Vert\Vert_0070.png,Vert
test\Vert\Vert_0071.png,Vert
test\Vert\Vert_0072.png,Vert
test\Vert\Vert_0073.png,Vert
test\Vert\Vert_0074.png,Vert
test\Vert\Vert_0075.png,Vert
test\Vert\Vert_0076.png,Vert
test\Vert\Vert_0077.png,Vert
test\Vert\Vert_0078.png,Vert
test\Vert\Vert_0079.png,Vert
test\Vert\Vert_0080.png,Vert
test\Vert\Vert_0081.png,Vert
test\Vert\Vert_0082.png,Vert
test\Vert\Vert_0083.png,Vert
test\Vert\Vert_0084.png,Vert
test\Vert\Vert_0085.png,Vert
test\Vert\Vert_0086.png,Vert
test\Vert\Vert_0087.png,Vert
test\Vert\Vert_0088.png,Vert
test\Vert\Vert_0089.png,Vert
test\Vert\Vert_0090.png,Vert
test\Vert\Vert_0091.png,Vert
test\Vert\Vert_0092.png,Vert
test\Vert\Vert_0093.png,Vert
test\Vert\Vert_0094.png,Vert
test\Vert\Vert_0095.png,Vert
test\Vert\Vert_0096.png,Vert
test\Vert\Vert_0097.png,Vert
test\Vert\Vert_0098.png,Vert
test\Vert\Vert_0099.png,Vert
test\Vert\Vert_0100.png,Vert
test\Vert\Vert_0101.png,Vert
test\Vert\Vert_0102.png,Vert
test\Vert\Vert_0103.png,Vert
test\Vert\Vert_0104.png,Vert
test\Vert\Vert_0105.png,Vert
test\Vert\Vert_0106.png,Vert
test\Vert\Vert_0107.png,Vert
test\Vert\Vert_0108.png,Vert
test\Vert\Vert_0109.png,Vert
test\Vert\Vert_0110.png,Vert
test\Vert\Vert_0111.png,Vert
test\Vert\Vert_0112.png,Vert
test\Vert\Vert_0113.png,Vert
test\Vert\Vert_0114.png,Vert
test\Vert\Vert_0115.png,Vert
test\Vert\Vert_0116.png,Vert
test\Vert\Vert_0117.png,Vert
test\Vert\Vert_0118.png,Vert
test\Vert\Vert_0119.png,Vert
test\Vert\Vert_0120.png,Vert
test\Vert\Vert_0121.png,Vert
test\Vert\Vert_0122.png,Vert
test\Vert\Vert_0123.png,Vert
test\Vert\Vert_0124.png,Vert
test\Vert\Vert_0125.png,Vert
test\Vert\Vert_0126.png,Vert
test\Vert\Vert_0127.png,Vert
test\Vert\Vert_0128.png,Vert
test\Vert\Vert_0129.png,Vert
test\Vert\Vert_0130.png,Vert
test\Vert\Vert_0131.png,Vert
test\Vert\Vert_0132.png,Vert
test\Vert\Vert_0133.png,Vert
test\Vert\Vert_0134.png,Vert
test\Vert\Vert_0135.png,Vert
test\Vert\Vert_0136.png,Vert
test\Vert\Vert_0137.png,Vert
test\Vert\Vert_0138.png,Vert
test\Vert\Vert_0139.png,Vert
test\Vert\Vert_0140.png,Vert
test\Vert\Vert_0141.png,Vert
test\Vert\Vert_0142.png,Vert
test\Vert\Vert_0143.png,Vert
test\Vert\Vert_0144.png,Vert
test\Vert\Vert_0145.png,Vert
test\Vert\Vert_0146.png,Vert
test\Vert\Vert_0147.png,Vert
test\Vert\Vert_0148.png,Vert
test\Vert\Vert_0149.png,Vert
test\Vert\Vert_0150.png,Vert
test\Vert\Vert_0151.png,Vert
test\Vert\Vert_0152.png,Vert
test\Vert\Vert_0153.png,Vert
test\Vert\Vert_0154.png,Vert
test\Vert\Vert_0155.png,Vert
test\Vert\Vert_0156.png,Vert
test\Vert\Vert_0157.png,Vert
test\Vert\Vert_0158.png,Vert
test\Vert\Vert_0159.png,Vert
test\Vert\Vert_0160.png,Vert
test\Vert\Vert_0161.png,Vert
test\Vert\Vert_0162.png,Vert
test\Vert\Vert_0163.png,Vert
test\Vert\Vert_0164.png,Vert
test\Vert\Vert_0165.png,Vert
test\Vert\Vert_0166.png,Vert
test\Vert\Vert_0167.png,Vert
test\Vert\Vert_0168.png,Vert
test\Vert\Vert_0169.png,Vert
test\Vert\Vert_0170.png,Vert
test\Vert\Vert_0171.png,Vert
test\Vert\Vert_0172.png,Vert
test\Vert\Vert_0173.png,Vert
test\Vert\Vert_0174.png,Vert
test\Vert\Vert_0175.png,Vert
test\Vert\Vert_0176.png,Vert
test\Vert\Vert_0177.png,Vert
test\Vert\Vert_0178.png,Vert
test\Vert\Vert_0179.png,Vert
test\Vert\Vert_0180.png,Vert
test\Vert\Vert_0181.png,Vert
test\Vert\Vert_0182.png,Vert
test\Vert\Vert_0183.png,Vert
test\Vert\Vert_0184.png,Vert
test\Vert\Vert_0185.png,Vert
test\Vert\Vert_0186.png,Vert
test\Vert\Vert_0187.png,Vert
test\Vert\Vert_0188.png,Vert
test\Vert\Vert_0189.png,Vert
test\Vert\Vert_0190.png,Vert
test\Vert\Vert_0191.png,Vert
test\Vert\Vert_0192.png,Vert
test\Vert\Vert_0193.png,Vert
test\Vert\Vert_0194.png,Vert
test\Vert\Vert_0195.png,Vert
test\Vert\Vert_0196.png,Vert
test\Vert\Vert_0197.png,Vert
test\Vert\Vert_0198.png,Vert
test\Vert\Vert_0199.png,Vert
test\Vert\Vert_0200.png,Vert
test\Vert\Vert_0201.png,Vert
test\Vert\Vert_0202.png,Vert
test\Vert\Vert_0203.png,Vert
test\Vert\Vert_0204.png,Vert
test\Vert\Vert_0205.png,Vert
test\Vert\Vert_0206.png,Vert
test\Vert\Vert_0207.png,Vert
test\Vert\Vert_0208.png,Vert
test\Vert\Vert_0209.png,Vert
test\Vert\Vert_0210.png,Vert
test\Vert\Vert_0211.png,Vert
test\Vert\Vert_0212.png,Vert
test\Vert\Vert_0213.png,Vert
test\Vert\Vert_0214.png,Vert
test\Vert\Vert_0215.png,Vert
test\Vert\Vert_0216.png,Vert
test\Vert\Vert_0217.png,Vert
test\Vert\Vert_0218.png,Vert
test\Vert\Vert_0219.png,Vert
test\Vert\Vert_0220.png,Vert
test\Vert\Vert_0221.png,Vert
test\Vert\Vert_0222.png,Vert
test\Vert\Vert_0223.png,Vert
test\Vert\Vert_0224.png,Vert
test\Vert\Vert_0225.png,Vert
test\Vert\Vert_0226.png,Vert
test\Vert\Vert_0227.png,Vert
test\Vert\Vert_0228.png,Vert
test\Vert\Vert_0229.png,Vert
test\Vert\Vert_0230.png,Vert
test\Vert\Vert_0231.png,Vert
test\Vert\Vert_0232.png,Vert
test\Vert\Vert_0233.png,Vert
test\Vert\Vert_0234.png,Vert
test\Vert\Vert_0235.png,Vert
test\Vert\Vert_0236.png,Vert
test\Vert\Vert_0237.png,Vert
test\Vert\Vert_0238.png,Vert
test\Vert\Vert_0239.png,Vert
test\Vert\Vert_0240.png,Vert
test\Vert\Vert_0241.png,Vert
test\Vert\Vert_0242.png,Vert
test\Vert\Vert_0243.png,Vert
test\Vert\Vert_0244.png,Vert
test\Vert\Vert_0245.png,Vert
test\Vert\Vert_0246.png,Vert
test\Vert\Vert_0247.png,Vert
test\Vert\Vert_0248.png,Vert
test\Vert\Vert_0249.png,Vert
test\Vert\Vert_0250.png,Vert
test\Vert\Vert_0251.png,Vert
test\Vert\Vert_0252.png,Vert
test\Vert\Vert_0253.png,Vert
test\Vert\Vert_0254.png,Vert
test\Vert\Vert_0255.png,Vert
test\Vert\Vert_0256.png,Vert
test\Vert\Vert_0257.png,Vert
test\Vert\Vert_0258.png,Vert
test\Vert\Vert_0259.png,Vert
test\Vert\Vert_0260.png,Vert
test\Vert\Vert_0261.png,Vert
test\Vert\Vert_0262.png,Vert
test\Vert\Vert_0263.png,Vert
test\Vert\Vert_0264.png,Vert
test\Vert\Vert_0265.png,Vert
test\Vert\Vert_0266.png,Vert
test\Vert\Vert_0267.png,Vert
test\Vert\Vert_0268.png,Vert
test\Vert\Vert_0269.png,Vert
test\Vert\Vert_0270.png,Vert
test\Vert\Vert_0271.png,Vert
test\Vert\Vert_0272.png,Vert
test\Vert\Vert_0273.png,Vert
test\Vert\Vert_0274.png,Vert
test\Vert\Vert_0275.png,Vert
test\Vert\Vert_0276.png,Vert
test\Vert\Vert_0277.png,Vert
test\Vert\Vert_0278.png,Vert
test\Vert\Vert_0279.png,Vert
test\Vert\Vert_0280.png,Vert
test\Vert\Vert_0281.png,Vert
test\Vert\Vert_0282.png,Vert
test\Vert\Vert_0283.png,Vert
test\Vert\Vert_0284.png,Vert
test\Vert\Vert_0285.png,Vert
test\Vert\Vert_0286.png,Vert
test\Vert\Vert_0287.png,Vert
test\Vert\Vert_0288.png,Vert
test\Vert\Vert_0289.png,Vert
test\Vert\Vert_0290.png,Vert
test\Vert\Vert_0291.png,Vert
test\Vert\Vert_0292.png,Vert
test\Vert\Vert_0293.png,Vert
test\Vert\Vert_0294.png,Vert
test\Vert\Vert_0295.png,Vert
test\Vert\Vert_0296.png,Vert
test\Vert\Vert_0297.png,Vert
test\Vert\Vert_0298.png,Vert
test\Vert\Vert_0299.png,Vert
test\Vert\Vert_0300.png,Vert
test\Vert\Vert_0301.png,Vert
test\Vert\Vert_0302.png,Vert
test\Vert\Vert_0303.png,Vert
test\Vert\Vert_0304.png,Vert
test\Vert\Vert_0305.png,Vert
test\Vert\Vert_0306.png,Vert
test\Vert\Vert_0307.png,Vert
test\Vert\Vert_0308.png,Vert
test\Vert\Vert_0309.png,Vert
test\Vert\Vert_0310.png,Vert
test\Vert\Vert_0311.png,Vert
test\Vert\Vert_0312.png,Vert
test\Vert\Vert_0313.png,Vert
test\Vert\Vert_0314.png,Vert
test\Vert\Vert_0315.png,Vert
test\Vert\Vert_0316.png,Vert
test\Vert\Vert_0317.png,Vert
test\Vert\Vert_0318.png,Vert
test\Vert\Vert_0319.png,Vert
test\Vert\Vert_0320.png,Vert
test\Vert\Vert_0321.png,Vert
test\Vert\Vert_0322.png,Vert
test\Vert\Vert_0323.png,Vert
test\Vert\Vert_0324.png,Vert
test\Vert\Vert_0325.png,Vert
test\Vert\Vert_0326.png,Vert
test\Vert\Vert_0327.png,Vert
test\Vert\Vert_0328.png,Vert
test\Vert\Vert_0329.png,Vert
test\Vert\Vert_0330.png,Vert
test\Vert\Vert_0331.png,Vert
test\Vert\Vert_0332.png,Vert
test\Vert\Vert_0333.png,Vert
test\Vert\Vert_0334.png,Vert
test\Vert\Vert_0335.png,Vert
test\Vert\Vert_0336.png,Vert
test\Vert\Vert_0337.png,Vert
test\Vert\Vert_0338.png,Vert
test\Vert\Vert_0339.png,Vert
test\Vert\Vert_0340.png,Vert
test\Vert\Vert_0341.png,Vert
test\Vert\Vert_0342.png,Vert
test\Vert\Vert_0343.png,Vert
test\Vert\Vert_0344.png,Vert
test\Vert\Vert_0345.png,Vert
test\Vert\Vert_0346.png,Vert
test\Vert\Vert_0347.png,Vert
test\Vert\Vert_0348.png,Vert
test\Vert\Vert_0349.png,Vert
test\Vert\Vert_0350.png,Vert
test\Vert\Vert_0351.png,Vert
test\Vert\Vert_0352.png,Vert
test\Vert\Vert_0353.png,Vert
test\Vert\Vert_0354.png,Vert
test\Vert\Vert_0355.png,Vert
test\Vert\Vert_0356.png,Vert
test\Vert\Vert_0357.png,Vert
test\Vert\Vert_0358.png,Vert
test\Vert\Vert_0359.png,Vert
test\Vert\Vert_0360.png,Vert
test\Vert\Vert_0361.png,Vert
test\Vert\Vert_0362.png,Vert
test\Vert\Vert_0363.png,Vert
test\Vert\Vert_0364.png,Vert
test\Vert\Vert_0365.png,Vert
test\Vert\Vert_0366.png,Vert
test\Vert\Vert_0367.png,Vert
test\Vert\Vert_0368.png,Vert
test\Vert\Vert_0369.png,Vert
test\Vert\Vert_0370.png,Vert
test\Vert\Vert_0371.png,Vert
test\Vert\Vert_0372.png,Vert
test\Vert\Vert_0373.png,Vert
test\Vert\Vert_0374.png,Vert
test\Vert\Vert_0375.png,Vert
test\Vert\Vert_0376.png,Vert
test\Vert\Vert_0377.png,Vert
test\Vert\Vert_0378.png,Vert
test\Vert\Vert_0379.png,Vert
test\Vert\Vert_0380.png,Vert
test\Vert\Vert_0381.png,Vert
test\Vert\Vert_0382.png,Vert
test\Vert\Vert_0383.png,Vert
test\Vert\Vert_0384.png,Vert
test\Vert\Vert_0385.png,Vert
test\Vert\Vert_0386.png,Vert
test\Vert\Vert_0387.png,Vert
test\Vert\Vert_0388.png,Vert
test\Vert\Vert_0389.png,Vert
test\Vert\Vert_0390.png,Vert
test\Vert\Vert_0391.png,Vert
test\Vert\Vert_0392.png,Vert
test\Vert\Vert_0393.png,Vert
test\Vert\Vert_0394.png,Vert
test\Vert\Vert_0395.png,Vert
test\Vert\Vert_0396.png,Vert
test\Vert\Vert_0397.png,Vert
test\Vert\Vert_0398.png,Vert
test\Vert\Vert_0399.png,Vert
test\Vert\Vert_0400.png,Vert
test\Vert\Vert_0401.png,Vert
test\Vert\Vert_0402.png,Vert
test\Vert\Vert_0403.png,Vert
test\Vert\Vert_0404.png,Vert
test\Vert\Vert_0405.png,Vert
test\Vert\Vert_0406.png,Vert
test\Vert\Vert_0407.png,Vert
test\Vert\Vert_0408.png,Vert
test\Vert\Vert_0409.png,Vert
test\Vert\Vert_0410.png,Vert
test\Vert\Vert_0411.png,Vert
test\Vert\Vert_0412.png,Vert
test\Vert\Vert_0413.png,Vert
test\Vert\Vert_0414.png,Vert
test\Vert\Vert_0415.png,Vert
test\Vert\Vert_0416.png,Vert
test\Vert\Vert_0417.png,Vert
test\Vert\Vert_0418.png,Vert
test\Vert\Vert_0419.png,Vert
test\Vert\Vert_0420.png,Vert
test\Vert\Vert_0421.png,Vert
test\Vert\Vert_0422.png,Vert
test\Vert\Vert_0423.png,Vert
test\Vert\Vert_0424.png,Vert
test\Vert\Vert_0425.png,Vert
test\Vert\Vert_0426.png,Vert
test\Vert\Vert_0427.png,Vert
test\Vert\Vert_0428.png,Vert
test\Vert\Vert_0429.png,Vert
test\Vert\Vert_0430.png,Vert
test\Vert\Vert_0431.png,Vert
test\Vert\Vert_0432.png,Vert
test\Vert\Vert_0433.png,Vert
test\Vert\Vert_0434.png,Vert
test\Vert\Vert_0435.png,Vert
test\Vert\Vert_0436.png,Vert
test\Vert\Vert_0437.png,Vert
test\Vert\Vert_0438.png,Vert
test\Vert\Vert_0439.png,Vert
test\Vert\Vert_0440.png,Vert
test\Vert\Vert_0441.png,Vert
test\Vert\Vert_0442.png,Vert
test\Vert\Vert_0443.png,Vert
test\Vert\Vert_0444.png,Vert
test\Vert\Vert_0445.png,Vert
test\Vert\Vert_0446.png,Vert
test\Vert\Vert_0447.png,Vert
test\Vert\Vert_0448.png,Vert
test\Vert\Vert_0449.png,Vert
test\Vert\Vert_0450.png,Vert
test\Vert\Vert_0451.png,Vert
test\Vert\Vert_0452.png,Vert
test\Vert\Vert_0453.png,Vert
test\Vert\Vert_0454.png,Vert
test\Vert\Vert_0455.png,Vert
test\Vert\Vert_0456.png,Vert
test\Vert\Vert_0457.png,Vert
test\Vert\Vert_0458.png,Vert
test\Vert\Vert_0459.png,Vert
test\Vert\Vert_0460.png,Vert
test\Vert\Vert_0461.png,Vert
test\Vert\Vert_0462.png,Vert
test\Vert\Vert_0463.png,Vert
test\Vert\Vert_0464.png,Vert
test\Vert\Vert_0465.png,Vert
test\Vert\Vert_0466.png,Vert
test\Vert\Vert_0467.png,Vert
test\Vert\Vert_0468.png,Vert
test\Vert\Vert_0469.png,Vert
test\Vert\Vert_0470.png,Vert
test\Vert\Vert_0471.png,Vert
test\Vert\Vert_0472.png,Vert
test\Vert\Vert_0473.png,Vert
test\Vert\Vert_0474.png,Vert
test\Vert\Vert_0475.png,Vert
test\Vert\Vert_0476.png,Vert
test\Vert\Vert_0477.png,Vert
test\Vert\Vert_0478.png,Vert
test\Vert\Vert_0479.png,Vert
test\Vert\Vert_0480.png,Vert
test\Vert\Vert_0481.png,Vert
test\Vert\Vert_0482.png,Vert
test\Vert\Vert_0483.png,Vert
test\Vert\Vert_0484.png,Vert
test\Vert\Vert_0485.png,Vert
test\Vert\Vert_0486.png,Vert
test\Vert\Vert_0487.png,Vert
test\Vert\Vert_0488.png,Vert
test\Vert\Vert_0489.png,Vert
test\Vert\Vert_0490.png,Vert
test\Vert\Vert_0491.png,Vert
test\Vert\Vert_0492.png,Vert
test\Vert\Vert_0493.png,Vert
test\Vert\Vert_0494.png,Vert
test\Vert\Vert_0495.png,Vert
test\Vert\Vert_0496.png,Vert
test\Vert\Vert_0497.png,Vert
test\Vert\Vert_0498.png,Vert
test\Vert\Vert_0499.png,Vert
